{"cameraMode":{"drawMode":0,"name":"Shaded","section":"Shading Mode"},"sceneLighting":true,"audioPlay":false,"sceneViewState":{"m_AlwaysRefresh":false,"showFog":true,"showSkybox":true,"showFlares":true,"showImageEffects":true,"showParticleSystems":true,"showVisualEffectGraphs":true,"m_FxEnabled":true},"in2DMode":false,"pivot":{"x":-297.97930908203127,"y":13.394185066223145,"z":-8.387788772583008},"rotation":{"x":0.3309852182865143,"y":-0.02829994633793831,"z":0.00994087290018797,"w":0.9431755542755127},"size":0.8660253882408142,"orthographic":false}