{"cameraMode":{"drawMode":0,"name":"Shaded","section":"Shading Mode"},"sceneLighting":true,"audioPlay":false,"sceneViewState":{"m_AlwaysRefresh":false,"showFog":true,"showSkybox":true,"showFlares":true,"showImageEffects":true,"showParticleSystems":true,"showVisualEffectGraphs":true,"m_FxEnabled":true},"in2DMode":false,"pivot":{"x":-292.7802429199219,"y":20.231586456298829,"z":1.6992638111114503},"rotation":{"x":0.14264531433582307,"y":-0.8427224159240723,"z":0.27180755138397219,"w":0.442268431186676},"size":12.720989227294922,"orthographic":false}