{"cameraMode":{"drawMode":0,"name":"Shaded","section":"Shading Mode"},"sceneLighting":true,"audioPlay":false,"sceneViewState":{"m_AlwaysRefresh":false,"showFog":true,"showSkybox":true,"showFlares":true,"showImageEffects":true,"showParticleSystems":true,"showVisualEffectGraphs":true,"m_FxEnabled":true},"in2DMode":false,"pivot":{"x":-182.72689819335938,"y":-23.923114776611329,"z":-36.535911560058597},"rotation":{"x":0.09004771709442139,"y":-0.7933341264724731,"z":0.12111613154411316,"w":0.5898056030273438},"size":117.04197692871094,"orthographic":false}