{"cameraMode":{"drawMode":0,"name":"Shaded","section":"Shading Mode"},"sceneLighting":true,"audioPlay":false,"sceneViewState":{"m_AlwaysRefresh":false,"showFog":true,"showSkybox":true,"showFlares":true,"showImageEffects":true,"showParticleSystems":true,"showVisualEffectGraphs":true,"m_FxEnabled":true},"in2DMode":false,"pivot":{"x":-183.18475341796876,"y":0.41141337156295779,"z":1.9125981330871583},"rotation":{"x":0.03428580239415169,"y":-0.7849178314208984,"z":0.04360858350992203,"w":0.6171378493309021},"size":116.08251190185547,"orthographic":false}