{"cameraMode":{"drawMode":0,"name":"Shaded","section":"Shading Mode"},"sceneLighting":true,"audioPlay":false,"sceneViewState":{"m_AlwaysRefresh":false,"showFog":true,"showSkybox":true,"showFlares":true,"showImageEffects":true,"showParticleSystems":true,"showVisualEffectGraphs":true,"m_FxEnabled":true},"in2DMode":false,"pivot":{"x":-45.670955657958987,"y":-12.265217781066895,"z":1.5234180688858033},"rotation":{"x":0.0989074781537056,"y":-0.7412126660346985,"z":0.11202362924814224,"w":0.6544305682182312},"size":28.890960693359376,"orthographic":false}