{"cameraMode":{"drawMode":0,"name":"Shaded","section":"Shading Mode"},"sceneLighting":true,"audioPlay":false,"sceneViewState":{"m_AlwaysRefresh":false,"showFog":true,"showSkybox":true,"showFlares":true,"showImageEffects":true,"showParticleSystems":true,"showVisualEffectGraphs":true,"m_FxEnabled":true},"in2DMode":false,"pivot":{"x":11.710351943969727,"y":11.201897621154786,"z":-2.939101219177246},"rotation":{"x":0.12062150239944458,"y":-0.6828120946884155,"z":0.11581074446439743,"w":0.7112517952919006},"size":1.7678320407867432,"orthographic":false}